loan_id,amount,payments,status,last_balance,credits_mean,balance_min,n_clients,time_since_last_trans
5314,96396,8033,1,20100.0,5025.0,1100.0,1,15
5316,165960,4610,0,52208.9,13523.158823529411,700.0,1,2
6863,127080,2118,0,20272.8,5009.733333333334,800.0,1,7
5325,105804,2939,0,34307.3,9254.6,1000.0,1,3
6687,87840,3660,0,43847.8,7331.985714285714,500.0,2,4
7284,52788,4399,0,21029.0,4304.038095238096,1000.0,1,4
6111,174744,7281,1,58140.9,13374.85,1000.0,1,3
7235,154416,3217,0,53402.7,11408.9875,8897.0,1,5
5997,117024,4876,0,53193.5,13154.833333333334,800.0,1,4
7121,21924,609,0,49083.3,7551.738095238095,1100.0,2,3
6077,79608,3317,0,103745.7,23558.29090909091,800.0,1,6
6356,95400,2650,0,27697.0,11706.59090909091,200.0,1,8
5523,93888,2608,0,34716.3,7084.7,600.0,1,6
6456,47016,3918,0,58773.2,13031.063636363637,200.0,1,4
7104,259740,4329,0,67219.5,14443.35,800.0,1,3
6876,86616,7218,0,37253.1,4879.433333333333,800.0,1,5
7097,75624,3151,1,41954.8,11677.0,400.0,1,6
5170,253200,4220,0,81150.6,13560.890476190476,800.0,1,1
6721,21072,878,0,33467.0,3012.853846153846,1100.0,1,15
5189,149040,3105,0,19033.5,9496.58,200.0,1,7
6650,49320,4110,1,15673.6,15663.035294117646,900.0,1,3
7226,197748,5493,0,43294.5,12363.145454545454,300.0,2,7
6087,300660,5011,0,33918.9,14927.625,800.0,1,4
7262,182628,5073,0,45660.9,7666.089999999999,500.0,1,1
5519,91632,7636,0,33061.9,8784.244444444445,700.0,2,5
6577,51696,2154,0,38202.2,16546.952272727274,600.0,1,6
6509,55368,2307,0,12414.4,9204.863829787231,200.0,1,2
6520,91200,3800,0,32715.3,10908.277777777776,700.0,2,3
6699,7656,319,0,36353.1,7746.088888888889,600.0,2,7
6336,212400,5900,0,64221.1,13977.941935483872,300.0,1,1
7055,167100,2785,0,39310.2,17751.066666666666,1100.0,2,5
6103,149340,2489,0,23538.3,7546.752173913043,500.0,1,7
6202,65184,5432,0,67995.4,17495.916666666668,900.0,1,2
6696,89040,1484,0,29305.8,3735.122727272727,800.0,2,2
6072,193968,5388,0,80780.0,14309.0,800.0,1,6
5130,24312,2026,0,28461.9,5601.632432432432,1100.0,1,5
5568,272520,4542,0,30009.9,13755.75294117647,1100.0,2,3
6678,80340,6695,0,89342.6,20306.622727272726,1100.0,2,15
6998,97632,8136,0,41330.1,25763.21,1100.0,1,1
6580,196080,4085,0,86857.4,14476.62,900.0,1,8
6316,76908,6409,1,14888.6,15876.135714285712,1100.0,1,5
6512,63312,1319,0,28553.5,2763.92,500.0,1,12
6407,25944,1081,0,69398.9,12249.336842105264,600.0,1,14
5002,104808,8734,0,28015.4,9470.5,500.0,2,6
7137,151560,6315,0,21323.2,19058.40769230769,300.0,1,2
6903,52128,2172,0,58659.8,6244.838461538462,144.2,1,4
5918,300204,8339,0,33932.8,9277.392592592592,300.0,1,4
6642,77640,6470,0,30825.8,18776.67727272728,700.0,1,3
6210,87216,1817,1,21579.1,3691.82380952381,200.0,1,6
6279,87360,3640,0,29072.5,8544.575,200.0,1,7
7249,69360,1445,0,38665.0,6597.1322580645165,1100.0,1,2
6112,174744,7281,1,6930.8,11542.828947368422,-1369.2,1,2
5319,239460,3991,0,36240.6,13387.938888888888,300.0,1,4
5837,244560,4076,0,21326.1,12456.16111111111,1000.0,1,9
5657,4980,415,0,22500.3,5352.515789473684,800.0,1,2
5533,111384,4641,0,52318.9,19164.74909090909,500.0,1,3
6232,276660,7685,1,19783.2,3712.366666666667,500.0,1,1
6066,173808,7242,0,94431.9,26907.226923076923,1000.0,2,6
5549,50460,841,0,41531.0,8327.073684210525,800.0,1,6
6004,143904,5996,0,38336.2,14003.602127659577,700.0,1,8
5126,208128,4336,1,81474.6,11823.66896551724,-1069.7,1,3
6668,74736,2076,0,33243.7,11194.334615384616,700.0,1,9
5395,299088,8308,1,19448.5,17668.68043478261,500.0,1,7
6836,189300,3155,0,24471.4,6502.74761904762,800.0,1,3
6064,14628,1219,0,34902.8,7799.868965517242,200.0,1,4
6841,172080,3585,0,58224.0,10713.956,200.0,1,7
6729,74688,6224,0,28933.3,13496.94693877551,1100.0,2,5
7198,45768,3814,0,54427.5,4701.254545454546,800.0,1,4
6686,224604,6239,0,40287.4,20475.04411764706,200.0,2,9
5836,79632,3318,0,89746.5,24446.25,900.0,1,14
7061,121896,5079,0,41917.2,16312.041025641023,600.0,1,6
5595,82896,6908,0,64286.0,20655.87058823529,900.0,2,2
5723,23628,1969,0,64096.3,11783.88163265306,1000.0,1,7
6120,209184,4358,0,44254.7,19731.792307692307,1000.0,1,1
6895,41904,3492,0,39204.7,7938.838095238095,900.0,1,3
5882,87816,7318,0,15665.6,4840.648780487805,800.0,2,1
5754,23052,1921,0,28531.7,6742.349999999999,700.0,2,13
6594,189696,7904,1,22500.0,4500.0,600.0,1,14
6738,230220,6395,1,6325.5,7839.626315789474,-2719.7,1,22
6624,71460,5955,0,82549.0,13133.975,200.0,2,7
6216,141240,5885,0,45871.6,18498.09259259259,1000.0,1,8
5887,192744,5354,0,29033.7,9241.760606060609,700.0,2,3
6808,227880,6330,0,53716.6,8119.228888888889,1100.0,2,3
6297,17508,1459,0,48027.0,6398.487096774194,900.0,1,4
5161,98184,4091,0,68956.1,9059.654545454545,500.0,1,18
5390,170256,7094,0,43302.8,11986.912903225806,200.0,1,3
6150,83016,6918,0,93605.6,20124.31791044776,700.0,1,2
5032,123696,2577,0,25201.8,12984.854545454546,300.0,1,3
6253,59760,2490,0,41147.7,11115.263636363636,300.0,2,4
5176,192552,8023,1,22255.5,6090.784615384615,800.0,1,12
5269,164052,4557,1,20811.2,14078.810714285715,-2564.7,1,7
5351,205200,5700,0,54586.0,17320.669444444444,900.0,1,1
5861,51408,2142,0,49213.4,14636.95806451613,900.0,1,8
5450,199680,3328,0,19924.0,10072.95,500.0,1,11
6306,36684,3057,0,35093.0,6311.736,700.0,1,1
6272,398640,6644,0,59316.9,21806.935294117648,400.0,1,2
5044,100980,1683,0,47137.7,7692.8,600.0,1,11
7192,115992,3222,0,17711.5,8683.641304347826,200.0,1,11
6526,288468,8013,0,48840.6,6845.75,600.0,1,3
5624,177744,3703,1,14230.7,9073.402777777776,-2485.5,1,1
5131,48624,2026,0,47993.6,15032.102040816326,200.0,1,1
6358,137880,2298,1,19966.8,7317.181578947369,200.0,1,4
5418,347952,7249,0,57546.3,16705.18,300.0,1,3
6598,68112,5676,0,39416.1,20195.84054054054,300.0,1,3
5464,95808,7984,0,72500.4,18972.2875,900.0,1,1
6591,20832,434,0,17872.5,4204.593617021276,500.0,1,2
6315,43164,3597,0,31349.9,19429.61153846154,800.0,1,3
5876,221280,4610,0,31344.7,17512.224,1100.0,2,8
6986,151728,3161,1,26488.7,8910.703571428572,-669.7,1,1
6294,79920,1332,0,31271.6,13163.365517241378,700.0,1,2
5877,97224,4051,0,19479.6,5482.85238095238,1000.0,2,6
6227,28248,1177,0,33743.7,10476.673684210526,400.0,1,4
6737,76680,3195,0,27191.2,13581.835849056604,1000.0,2,3
7004,331560,5526,0,47992.1,11490.66,900.0,2,1
6169,103680,1728,1,36427.6,5169.697727272727,500.0,1,4
5208,99696,2077,1,32966.8,14426.435555555556,-974.6,1,12
6694,134784,5616,0,16218.7,8822.476666666666,900.0,1,12
5599,15420,1285,0,31867.2,4776.766037735849,1000.0,1,2
5414,185952,3874,0,82385.2,12500.505,700.0,1,4
5453,156672,4352,0,23271.5,3672.618918918919,500.0,1,1
5804,158976,3312,0,18879.4,13041.75,600.0,1,5
6745,47304,1971,0,62458.3,15647.294736842105,400.0,1,6
6950,104712,4363,0,21801.2,16041.951388888889,400.0,1,1
6996,126600,5275,0,48720.6,17293.55652173913,400.0,1,3
5352,68400,5700,1,23946.1,6971.799999999999,800.0,1,15
6151,225420,3757,0,32403.4,7056.204545454545,200.0,1,12
5310,248148,6893,0,41108.6,9398.816216216215,600.0,1,8
5045,187224,7801,1,50846.7,13214.305263157894,-243.3,1,1
5151,189060,3151,0,68945.6,21569.60714285714,200.0,1,8
5212,71064,1974,0,31397.0,7801.575862068966,700.0,1,13
5138,87216,1817,0,26795.3,5670.470731707317,700.0,1,16
5713,158760,2646,0,19182.3,7197.82909090909,900.0,1,3
6704,417060,6951,0,80621.0,10538.953658536584,200.0,2,1
6474,63360,1056,0,25649.6,4125.163265306122,700.0,2,6
6676,29784,1241,0,37920.3,6735.577777777778,200.0,2,5
6965,139536,5814,0,36472.9,18070.40597014925,800.0,1,6
6725,265320,7370,0,35289.8,6441.2328125,700.0,2,13
7166,198240,8260,0,44644.2,7095.2,300.0,1,10
7138,60000,1000,0,16878.6,3840.34375,400.0,1,3
6157,98592,4108,0,43871.9,12494.761538461538,900.0,1,3
6153,285600,4760,0,28194.4,11216.0125,1100.0,2,12
5693,44088,1837,0,44383.2,7533.605882352941,1000.0,1,1
5922,20220,1685,0,31303.3,11452.434782608696,500.0,1,5
5959,107640,4485,0,65325.4,19481.75833333333,600.0,1,6
5980,21396,1783,0,24782.0,5691.885294117647,1000.0,2,2
6764,33984,708,0,44465.4,5087.997222222222,600.0,1,7
5237,45336,1889,0,39839.5,10959.40303030303,800.0,1,9
6726,85860,1431,0,39220.2,3868.085106382978,1000.0,1,3
6933,188688,3931,0,23579.7,10950.116666666669,400.0,1,3
5145,309552,6449,0,51799.4,20681.70625,700.0,1,1
7227,314520,5242,0,50487.0,18056.9125,500.0,1,2
6600,21852,607,0,42899.4,8711.658333333333,700.0,1,3
6712,266220,4437,0,38159.6,7942.118867924528,900.0,1,2
7176,260028,7223,0,69850.9,22177.26170212766,200.0,1,14
6362,37908,3159,0,46113.5,9919.53870967742,800.0,1,10
5880,73836,2051,0,67453.1,13746.65,900.0,1,5
6535,41952,3496,0,24672.8,10373.63870967742,500.0,1,2
5449,99336,4139,0,30824.1,5352.908333333334,300.0,1,4
6342,60156,1671,1,132316.8,18483.85769230769,400.0,1,2
5409,182040,3034,0,38747.5,22366.575,600.0,2,1
6955,244368,5091,0,86194.1,20764.9109375,200.0,1,3
6985,113796,3161,0,34054.0,9973.764,500.0,2,12
5125,73056,1522,0,21545.7,3179.5086956521736,500.0,2,11
5805,137904,5746,1,35159.7,6195.533333333334,600.0,1,9
7243,217152,6032,0,42279.3,18197.28571428572,400.0,1,4
6403,194880,4060,0,31021.6,12922.227027027027,300.0,1,5
6578,27984,2332,0,18380.5,9539.813333333334,500.0,1,4
5413,92976,3874,0,21531.8,13338.338,300.0,2,1
6949,104712,4363,0,30115.3,13282.386,300.0,2,1
6545,191880,3198,0,78521.0,16177.397142857144,400.0,1,1
6178,232560,4845,0,41243.5,14073.042857142858,600.0,1,2
5160,204000,3400,0,37992.7,10772.44,400.0,1,6
6540,309600,6450,0,35488.1,21228.227272727272,400.0,1,8
6589,189696,7904,0,88632.1,18658.64,700.0,2,1
5900,135360,2820,0,54868.9,18854.3875,200.0,1,1
5999,98832,2059,0,27169.8,8028.005999999999,500.0,1,3
6043,20352,424,0,21281.5,4421.572727272727,400.0,2,3
5482,165120,2752,0,23825.4,3959.488,1100.0,2,1
7263,89880,3745,0,39079.5,16579.96153846154,800.0,1,4
6013,128988,3583,1,9710.2,8997.414285714285,-36.1,1,3
5750,63252,5271,0,49709.2,16674.810416666667,13097.7,1,1
6027,61656,2569,1,59695.5,13988.388888888889,400.0,1,8
6303,72408,3017,1,36363.9,12129.32222222222,700.0,1,6
7213,113544,3154,0,13386.8,9068.926923076924,700.0,1,3
6659,56100,935,0,15407.2,4958.146428571429,1000.0,1,8
6175,290700,4845,1,11574.8,17131.333333333332,-2825.2,1,2
5610,123216,2567,0,77580.8,16989.977083333335,700.0,2,2
5563,380160,6336,0,24549.6,18684.478723404256,1100.0,1,8
5989,213300,5925,0,27326.7,4581.6407407407405,400.0,1,4
5312,202788,5633,0,81623.6,26091.911538461536,1100.0,1,1
7189,154656,3222,0,37180.5,9834.021875,1000.0,1,4
6816,100224,2088,1,31387.1,4005.8066666666655,700.0,1,5
6137,44628,3719,0,80439.7,25106.97209302325,900.0,1,2
5128,215616,4492,1,8640.6,5505.576666666666,-3424.6,1,3
5470,200976,4187,0,47431.4,12752.429411764706,600.0,1,1
5593,277884,7719,1,11614.0,13759.673913043478,1000.0,1,3
5350,249312,5194,0,55426.5,10919.69,900.0,1,3
6501,30276,2523,1,24930.3,4202.679310344827,1000.0,1,18
5452,49440,824,0,45021.6,10568.796774193548,300.0,1,14
4961,30276,2523,1,15854.0,5264.765217391305,715.0,1,19
4973,165960,6915,0,23689.2,21979.508108108108,700.0,1,2
6190,123600,2060,0,15520.2,11561.24,300.0,2,6
6715,220620,3677,0,26332.6,7748.148148148148,1100.0,1,6
5892,66480,2770,1,34891.2,12213.028571428573,900.0,1,14
6550,320592,6679,0,69148.6,21503.09,500.0,2,10
5706,161496,4486,0,29371.5,8837.951923076924,500.0,1,3
5148,284280,4738,0,94617.3,20623.95,300.0,2,17
6734,173016,4806,0,113931.6,14459.529787234043,300.0,1,4
6109,368880,6148,0,105712.4,19070.65344827586,1100.0,2,3
6961,176148,4893,0,53592.6,15688.077777777778,1100.0,1,6
6810,186384,3883,0,21003.8,13975.69512195122,700.0,1,8
5494,360000,7500,0,64765.2,18340.457894736843,600.0,1,4
5311,30060,501,0,48523.3,10581.04,500.0,1,2
5445,46320,1930,0,23552.7,15197.84375,900.0,1,4
5301,141948,3943,0,47239.7,9777.114285714286,800.0,1,6
7034,19044,529,0,50167.6,8717.206896551725,600.0,1,5
6751,85716,2381,0,52416.9,5781.133333333333,800.0,2,3
6667,155880,6495,0,44564.6,17472.988235294117,1000.0,2,8
6130,32640,680,0,18800.0,4044.684615384616,300.0,1,1
6019,11400,950,0,27820.2,3711.331034482759,300.0,1,7
6421,96768,2688,0,37396.4,16277.060714285715,900.0,2,4
6992,133968,2791,0,34729.5,17825.64347826087,200.0,2,13
5136,187104,7796,0,86877.7,18044.1875,300.0,1,7
5337,162468,4513,0,74638.8,15043.88,700.0,2,15
5495,89340,1489,0,41537.2,6166.780000000001,500.0,2,2
7013,89340,1489,0,42242.2,6167.025,500.0,2,2
6471,155640,6485,0,40509.2,12015.777777777776,500.0,1,4
6296,270384,5633,0,57835.1,17764.690625,700.0,1,1
7305,54024,4502,0,25682.6,14509.60888888889,1000.0,1,6
6144,44376,3698,0,68241.5,18505.68333333333,800.0,1,1
6283,85632,1784,0,117238.7,18351.10263157895,800.0,1,1
7246,148920,2482,0,15278.6,8064.787499999999,400.0,1,2
5088,91152,3798,0,39378.8,12375.087096774194,400.0,1,3
5988,141648,5902,0,123310.1,13177.707692307691,200.0,2,4
5282,388512,8094,1,38697.3,8491.0,-2838.8,1,16
5938,402000,6700,0,17232.1,3118.0344827586205,200.0,1,11
5606,253512,7042,1,13318.4,12261.32142857143,300.0,1,3
6865,29448,2454,1,43790.6,7487.844444444445,800.0,1,5
5586,48744,1354,0,62891.3,10108.3,900.0,1,2
6302,181020,3017,0,42526.0,9716.02162162162,500.0,2,10
6461,74124,2059,0,25658.0,14442.828205128206,400.0,1,9
6732,174048,3626,0,54140.4,12971.792105263155,600.0,1,6
6613,84120,3505,0,63952.9,14356.908333333333,900.0,1,2
7036,194940,5415,0,34212.3,15618.80789473684,600.0,1,11
5897,15192,633,0,17351.9,7555.323404255319,500.0,1,6
6995,96168,8014,0,3609.3,7330.079761904762,600.0,1,1
5415,139464,3874,1,65062.8,7729.642105263159,300.0,1,6
7136,54396,1511,0,36208.8,4458.814285714286,800.0,1,10
7271,392460,6541,0,53245.1,20602.67391304348,900.0,2,2
5923,64656,1347,0,44749.0,6738.766666666666,200.0,2,3
5329,396120,6602,0,88610.1,21574.036111111112,500.0,1,8
6644,93600,3900,0,26235.8,10912.823809523808,900.0,1,6
6354,22968,638,0,38831.0,4243.1,1000.0,1,11
5082,262980,4383,0,76081.3,10113.641666666666,900.0,1,8
6585,372120,6202,0,46580.5,18717.614084507044,500.0,2,3
6921,86184,7182,0,43157.5,23035.90625,300.0,1,1
5366,86184,7182,0,39660.8,23036.1125,300.0,1,1
5886,192744,5354,0,36199.1,16504.253846153846,200.0,2,16
5741,68544,2856,0,23759.8,14909.758823529412,900.0,2,3
4996,88440,7370,0,78907.6,16852.55,200.0,2,6
6015,110112,4588,0,106858.1,20541.95945945946,700.0,1,7
6073,276300,4605,0,27578.1,3480.195555555555,500.0,1,1
6006,359760,5996,0,39959.4,8558.235999999999,900.0,1,5
5611,321180,5353,0,51906.5,16276.9,700.0,2,7
6944,46176,962,0,38725.1,8385.281818181818,1000.0,1,3
7101,421008,8771,0,31168.0,10392.413636363635,600.0,1,4
6599,72120,6010,0,98631.7,19563.4225,1000.0,2,4
5209,182640,3805,0,23898.3,11558.89411764706,600.0,1,2
5388,61560,5130,0,20051.1,16171.554545454546,200.0,1,15
6011,179328,3736,0,36074.7,11922.27619047619,200.0,1,11
5591,155616,3242,0,24447.1,9343.175,300.0,1,1
7154,417600,6960,0,58638.6,8001.857142857143,200.0,1,2
7130,123408,5142,0,8357.1,7693.968000000001,700.0,1,2
6818,155616,3242,0,60694.1,6448.582857142857,200.0,2,1
5625,222180,3703,1,59578.8,13417.557142857142,800.0,1,5
6805,45024,938,0,38384.3,8544.93,800.0,1,4
7233,115812,3217,0,41878.1,16554.986274509803,1100.0,1,7
7308,129408,5392,0,24199.5,8811.758620689656,1000.0,1,17
